<?xml version="1.0" encoding="UTF-8"?>

<!DOCTYPE tiles-definitions PUBLIC
       "-//Apache Software Foundation//DTD Tiles Configuration 3.0//EN"
       "http://tiles.apache.org/dtds/tiles-config_3_0.dtd">
       
<tiles-definitions>

  <definition name="base" template="/WEB-INF/templates/layout.jsp">
    <put-attribute name="title" value="eStore homepage" />
    <put-attribute name="menu" value="/WEB-INF/templates/menu.jsp" />
    <put-attribute name="footer" value="/WEB-INF/templates/footer.jsp" />
  </definition>
  
  <definition name="home"  extends="base">
    <put-attribute name="title" value="My eStore homepage" />
    <put-attribute name="body" value="/WEB-INF/views/home.jsp" />
  </definition>
  
  <definition name="products"  extends="base">
    <put-attribute name="title" value="Products page" />
    <put-attribute name="body" value="/WEB-INF/views/products.jsp" />
  </definition>

  <definition name="productInventory"  extends="base">
    <put-attribute name="title" value="Product Inventory page" />
    <put-attribute name="body" value="/WEB-INF/views/productInventory.jsp" />
  </definition>

  <definition name="editProduct"  extends="base">
    <put-attribute name="title" value="Update Product page" />
    <put-attribute name="body" value="/WEB-INF/views/edit.jsp" />
  </definition>
  
  <definition name="viewProduct"  extends="base">
    <put-attribute name="title" value="Detail view page" />
    <put-attribute name="body" value="/WEB-INF/views/viewProduct.jsp" />
  </definition>
  
</tiles-definitions>